{
    "criteria": {
        "bowl": {
            "trigger": "minecraft:inventory_changed",
            "conditions": {
                "items": [
                    {
                        "item": "minecraft:bowl",
                        "count": {
                            "min": 1,
                            "max": 100
                        }
                    }
                ]
            }
        }
    },
    "requirements": [
        [
            "bowl"
        ]
    ],
    "rewards": {
        "function": "du-in:kit/runza/ability/clear"
    }
}