{
    "criteria": {
      "midas": {
        "trigger": "minecraft:player_hurt_entity",
        "conditions": {
          "damage": {
            "source_entity": {
              "type": "minecraft:player",
              "equipment": {
                "mainhand": {
                  "items": "minecraft:stick",
                  "components": {
                    "minecraft:item_model": "du-in:other/midas"
                  }
                }
              }
            }
          }
        }
      }
    },
    "requirements": [
      [
        "midas"
      ]
    ],
    "rewards": {
      "function": "du-in:kit/jack_horner/ability/midas/use"
    }
  }  