{
    "display": {
        "title": {
            "text": "Free the Timelines"
        },
        "description": {
            "text": "Return home, or what's left of it..."
        },
        "icon": {
            "id": "minecraft:grass_block"
        },
        "frame": "goal",
        "show_toast": true,
        "announce_to_chat": true,
        "hidden": true
    },
    "criteria": {
        "void": {
            "trigger": "minecraft:impossible"
        }
    },
    "requirements": [
        [
            "void"
        ]
    ],

    "rewards": {
  
        "function": "du-in:other/challenge/hard"
  
    },
    "parent": "du-in:void/void_free"
}