{
    "display": {
        "title": {
            "text": "The Void"
        },
        "description": {
            "text": "Enter the void, and discover the true nature of this multiverse"
        },

        "icon": {
      "count": 1,
      "id": "minecraft:black_concrete"
        },
        "frame": "goal",
        "show_toast": true,
        "announce_to_chat": true,
        "hidden": false
    },
    "criteria": {
        "void": {
            "trigger": "minecraft:impossible"
        }
    },
    "requirements": [
        [
            "void"
        ]
    ],

    "rewards": {
  
        "function": "du-in:other/challenge/common"
  
    },
    "parent": "du-in:root"
}