{
    "display": {
        "title": {
            "text": "The Pylons"
        },
        "description": {
            "text": "Destroy the first of the 4 pylons..."
        },
        "icon": {
            "id": "minecraft:black_concrete_powder"
        },
        "frame": "goal",
        "show_toast": true,
        "announce_to_chat": true,
        "hidden": true
    },
    "criteria": {
        "void": {
            "trigger": "minecraft:impossible"
        }
    },
    "requirements": [
        [
            "void"
        ]
    ],

    "rewards": {
  
        "function": "du-in:other/challenge/rare"
  
    },
    "parent": "du-in:void/void"
}