{
    "criteria": {

        "bow": {

            "trigger": "minecraft:entity_hurt_player",

            "conditions": {

                "damage": {

                    "type": {

                        "direct_entity": {

                            "type": "minecraft:arrow",

                            "nbt": "{weapon:{id:'minecraft:crossbow'}}"

                        },

                        "source_entity": {

                            "type": "minecraft:player"

                        },

                        "is_projectile": true

                    }

                }

            }

        }

    },
    "requirements": [
        [
            "bow"
        ]
    ],

    "rewards": {

        "function": "du-in:kit/jack_horner/ability/unicorn_bow/hit"

    }

}