{
  "criteria": {
    "requirement": {
      "trigger": "minecraft:player_hurt_entity",
      "conditions": {
        "player": [
          {
            "condition": "minecraft:entity_properties",
            "entity": "this",
            "predicate": {
              "equipment": {
                "mainhand": {
                }
              }
            }
          }
        ]
      }
    }
  },
  "requirements": [
      [
          "requirement"
      ]
  ],
  "rewards": {
    "function": "du-in:kit/all/damage/all/init"
  }
}
