{
    "criteria": {
      "requirement": {
        "trigger": "minecraft:player_killed_entity",
        "conditions": {
          "player": [
            {
              "condition": "minecraft:entity_properties",
              "entity": "this",
              "predicate": {
                "team": "Blue"
              }
            }
          ],
          "entity": {
            "type": "minecraft:player",
            "nbt": "{Tags:[\"flagGot\",\"ownFlag\"]}",
            "team": "Red"
          }
        }
      }
    },
    "requirements": [
        [
            "requirement"
        ]
    ],
    "rewards": {
      "function": "du-in:ingame/ctf/red/red_flag_get"
    }
  }
  